{
  "B": 200,
  "pairs": {
    "EmotionLines_vs_MELD": {
      "rho_point": 0.9092300787488276,
      "ci95_low": 0.8985542981531641,
      "ci95_high": 0.9165199896564126
    },
    "EmotionLines_vs_DailyDialog": {
      "rho_point": 0.9440588859846265,
      "ci95_low": 0.9360752770355205,
      "ci95_high": 0.9494587816181324
    },
    "EmotionLines_vs_M3ED": {
      "rho_point": 0.8538223111597522,
      "ci95_low": 0.8189125360367001,
      "ci95_high": 0.8768079842230143
    },
    "MELD_vs_DailyDialog": {
      "rho_point": 0.9163426868538395,
      "ci95_low": 0.9074357258175383,
      "ci95_high": 0.9234276478422917
    },
    "MELD_vs_M3ED": {
      "rho_point": 0.8144658273509128,
      "ci95_low": 0.7810722789689474,
      "ci95_high": 0.839559079607278
    },
    "DailyDialog_vs_M3ED": {
      "rho_point": 0.7945611516373194,
      "ci95_low": 0.7547346709134213,
      "ci95_high": 0.8244863023065718
    }
  }
}