{
  "encoder": "distilbert-base-uncased",
  "device": "mps",
  "per_run": {
    "baseline_seed0": {
      "macro_f1": 0.43806195290716776,
      "weighted_f1": 0.7260813681534773
    },
    "with_bsetd_seed0": {
      "macro_f1": 0.44024011881729297,
      "weighted_f1": 0.7213579588525387
    },
    "baseline_seed1": {
      "macro_f1": 0.43142010530154595,
      "weighted_f1": 0.7219911950978857
    },
    "with_bsetd_seed1": {
      "macro_f1": 0.43082708932108105,
      "weighted_f1": 0.7257756572197898
    },
    "baseline_seed2": {
      "macro_f1": 0.43094822130216864,
      "weighted_f1": 0.7254046273255517
    },
    "with_bsetd_seed2": {
      "macro_f1": 0.44907145398242126,
      "weighted_f1": 0.7283299172151937
    }
  },
  "baseline_macro_f1_mean": 0.4334767598369608,
  "with_bsetd_macro_f1_mean": 0.4400462207069318,
  "baseline_weighted_f1_mean": 0.7244923968589716,
  "with_bsetd_weighted_f1_mean": 0.7251545110958407,
  "delta_macro_f1": 0.006569460869970956,
  "delta_weighted_f1": 0.0006621142368691268
}