{
  "permutation": {
    "real_max_abs_log2_lift": 0.9426409768196358,
    "permutation_max_abs_log2_lift_mean": 0.5969366669371798,
    "permutation_max_abs_log2_lift_std": 0.03905409946708712,
    "p_value_max_statistic": 0.0,
    "B": 50
  },
  "robustness": {
    "slices": {
      "long_dialogs": {
        "n_dialogs": 1000,
        "log2_lift": [
          [
            0.18869847930779635,
            -0.19560378569202785,
            -0.27251601864060404,
            -0.28091279428743193,
            -0.5509524026169939,
            -0.15916719849124156,
            -0.31344289598939246
          ],
          [
            -0.22521155231619655,
            0.9926297812438388,
            -0.5487310957141532,
            -0.40186974232418143,
            -0.8898632095848933,
            -0.10019526426750838,
            -0.44659064871667725
          ],
          [
            -0.24511152821777263,
            -0.5727457852860017,
            1.5677344871155787,
            0.1341108022166554,
            0.13158676361714586,
            -0.060103679951447456,
            0.13917853700354585
          ],
          [
            -0.2230015112053368,
            -0.6373868055563054,
            0.23760956358373994,
            1.6407544885741556,
            0.48122158736696347,
            0.26190978492721023,
            0.3102971241477151
          ],
          [
            -0.48777277804062746,
            -0.8629816269387337,
            0.1873680332845662,
            0.39556895389515306,
            1.970224108697597,
            0.09552005038706846,
            0.7870317623620884
          ],
          [
            -0.1495764958347913,
            -0.09295101807202484,
            -0.13781167632257008,
            0.29146618485064407,
            0.12576191060844832,
            0.49014412672990343,
            0.22909680044244934
          ],
          [
            -0.31870608308645276,
            -0.624435924239689,
            0.24146946171044795,
            0.3247090837910802,
            0.9441124909105609,
            0.25024977478560056,
            1.2718564752413746
          ]
        ]
      },
      "short_dialogs": {
        "n_dialogs": 1000,
        "log2_lift": [
          [
            0.1759597712894131,
            -0.219962313850014,
            -0.30271966914988896,
            -0.33909422865648003,
            -0.4011331217994114,
            -0.19237560630403117,
            -0.3359916677709762
          ],
          [
            -0.2634827582899697,
            0.9867676762612294,
            -0.4785278201084125,
            -0.3707194649564,
            -0.8298077292714929,
            -0.10038620887490825,
            -0.4298554455060369
          ],
          [
            -0.2178577764467845,
            -0.5483637752553924,
            1.5822082648213283,
            0.21196827668115573,
            0.23226287110121227,
            -0.08621697134352219,
            0.23687850784179543
          ],
          [
            -0.293480331781519,
            -0.34326951238476283,
            0.370075166406177,
            1.5759902721374743,
            0.48566133342908707,
            0.3366986795118133,
            0.43736150683396435
          ],
          [
            -0.3705017401240222,
            -0.8304122662062589,
            0.2310235966333438,
            0.4588632002705229,
            1.7863466220667308,
            0.26162510058079186,
            0.9295116888477888
          ],
          [
            -0.1746779514719569,
            -0.21412916815490649,
            -0.01574152208488373,
            0.48989022907806945,
            0.27259638760766314,
            0.5860730011007408,
            0.33155937430980087
          ],
          [
            -0.21922521668653555,
            -0.6205280431359269,
            0.3769431916709247,
            0.3075071949123473,
            0.8036896797342871,
            0.24202328482985988,
            1.2543793849068896
          ]
        ]
      },
      "high_disagreement": {
        "n_dialogs": 1000,
        "log2_lift": [
          [
            0.15179511084698402,
            -0.08019041539673542,
            -0.1661095257743017,
            -0.13888631244456576,
            -0.31341263507745143,
            -0.07157515582362987,
            -0.17085875342374485
          ],
          [
            -0.1108003768294175,
            0.8891477611306158,
            -0.49774092096213557,
            -0.4188705797913064,
            -0.9286653047686032,
            -0.07221149097249008,
            -0.5156281270435663
          ],
          [
            -0.11986985967907032,
            -0.49384132298405525,
            1.2419233763535038,
            -0.09659552057948441,
            -0.05418701567138973,
            -0.19391714896513004,
            -0.02088829890148066
          ],
          [
            -0.11248349902790442,
            -0.5606096303473822,
            0.06504469070474843,
            1.2699532961530193,
            0.1604762721983836,
            0.08704945419779654,
            0.0566755457592751
          ],
          [
            -0.3046209479859912,
            -0.8599291204157427,
            0.0124371314372136,
            0.104887535460213,
            1.4059869541455736,
            -0.04917175184518382,
            0.4419007501315434
          ],
          [
            -0.050369773288116954,
            -0.11159563203976759,
            -0.20027517099937245,
            0.12701135117260978,
            -0.07902309341631764,
            0.3084850613770145,
            0.08096968183028926
          ],
          [
            -0.17638218449260176,
            -0.6553947849165098,
            0.05331630482222665,
            0.04001247138734104,
            0.5494883003511958,
            0.09729217031779032,
            0.9184755551625332
          ]
        ]
      },
      "low_disagreement": {
        "n_dialogs": 1000,
        "log2_lift": [
          [
            0.1300360963628058,
            -0.30416310059660967,
            -0.28145946476223793,
            -0.26721379005074114,
            -0.46819359784558223,
            -0.1584233629975707,
            -0.26289519567245645
          ],
          [
            -0.33843910470396593,
            1.0886679724933463,
            -0.5796335107186594,
            -0.3229351743612369,
            -0.6822283407094394,
            -0.15484021385245894,
            -0.26360585261467473
          ],
          [
            -0.24513421851307668,
            -0.6771475291671137,
            2.0248531698889116,
            0.45111340543048073,
            0.27499740579157345,
            0.014492442695247978,
            0.25937928517445974
          ],
          [
            -0.19984628123802697,
            -0.41580200567865394,
            0.458392198653438,
            1.9802487017729362,
            0.6178780077431424,
            0.44528534845332823,
            0.518951240363994
          ],
          [
            -0.3217738158167701,
            -0.7740539047749965,
            0.1599726293161735,
            0.35968981906948966,
            2.7356262056790377,
            0.21791199125048544,
            1.2042551663935508
          ],
          [
            -0.1623573657105164,
            -0.15424536866078403,
            -0.09558374168694582,
            0.5927895533196644,
            0.4535790999396469,
            0.7739663086047833,
            0.3345683896171626
          ],
          [
            -0.18144759350875284,
            -0.5153562603853591,
            0.49639350851881076,
            0.37466240615418595,
            1.1747789121222414,
            0.2496872672308823,
            1.6334259457977323
          ]
        ]
      },
      "multispeaker": {
        "n_dialogs": 727,