{
  "R5_reference_self_loop": [
    0.6170680290150679,
    0.30820210582499813,
    0.18745474415640792,
    0.09376660702150887,
    0.206281522197374,
    0.16631448059125017,
    0.11009627673167108
  ],
  "R=2": {
    "pearson_off_diag_log2_lift_mean": 0.990986391475144,
    "pearson_off_diag_log2_lift_std": 0.0018390318099769497,
    "mean_abs_self_loop_change_mean": 0.00424301381893165,
    "mean_abs_off_diag_lift_change_mean": 0.041046088245409305,
    "n_seeds": 5
  },
  "R=3": {
    "pearson_off_diag_log2_lift_mean": 0.9967776987861136,
    "pearson_off_diag_log2_lift_std": 0.0002704090540423807,
    "mean_abs_self_loop_change_mean": 0.0019614257481149113,
    "mean_abs_off_diag_lift_change_mean": 0.024947507692864003,
    "n_seeds": 5
  },
  "R=4": {
    "pearson_off_diag_log2_lift_mean": 0.9991225821229792,
    "pearson_off_diag_log2_lift_std": 0.00023173049245591367,
    "mean_abs_self_loop_change_mean": 0.0010747910490572978,
    "mean_abs_off_diag_lift_change_mean": 0.012337097689209701,
    "n_seeds": 5
  },
  "R=5": {
    "pearson_off_diag_log2_lift_mean": 1.0,
    "pearson_off_diag_log2_lift_std": 0.0,
    "mean_abs_self_loop_change_mean": 0.0,
    "mean_abs_off_diag_lift_change_mean": 0.0,
    "n_seeds": 5
  }
}