{
  "symmetrized": {
    "inertia_index": [
      0.37831380249198887,
      0.33750644440126454,
      0.22696093900694786,
      0.16178597899638147,
      0.20615963799088977,
      0.17674522182574767,
      0.12264215115792007
    ],
    "contagion_index": [
      0.025492252806514043,
      0.010579235577173433,
      0.010109103597161445,
      0.046402977755007846,
      0.027508691808315715,
      0.03089887529019325,
      0.05151185765939077
    ],
    "eigvals": [
      1.3322676295501878e-15,
      0.7641576252496309,
      0.8312845372681478,
      0.8815958554799086,
      0.9281677535969327,
      0.9628514329384282,
      1.051560322366535
    ]
  },
  "directional_chung": {
    "pi": [
      0.5437999582061066,
      0.15435094765302032,
      0.06126184799959793,
      0.029056372459704657,
      0.052417166170842015,
      0.11498046139264989,
      0.044133246118078485
    ],
    "eigvals": [
      -0.22391182775463458,
      0.7883005425535108,
      0.8647241868194568,
      0.9052139469614165,
      0.9499403806154646,
      0.9667267009215227,
      1.059795470589353
    ],
    "inertia_index_directional": [
      0.6403566267654042,
      0.3113569167299363,
      0.19208420843220225,
      0.09088954898573295,
      0.2030391675461316,
      0.1436950116154898,
      0.0867888099148281
    ],
    "contagion_index_directional": [
      0.06531388384841672,
      0.02911267679558267,
      0.03522566828852798,
      0.09444369937037864,
      0.023716116757992407,
      0.036041400845002534,
      0.08745363425835344
    ]
  },
  "rho_inertia_sym_vs_directional": 0.9149025940474202,
  "rho_contagion_sym_vs_directional": 0.8047830336194052
}