{
  "source_npz": "experiments/bsetd_stage1/emotionlines/stage1_inertia.npz",
  "split_mode": "median",
  "n_low": 4,
  "n_high": 3,
  "eigval_min": 8.881784197001252e-16,
  "eigval_max": 1.0047780603733774,
  "eigval_median": 0.8146227891425661,
  "inertia_index": [
    0.3776694201941686,
    0.35395760526828596,
    0.28017298128778256,
    0.2087446683528137,
    0.2779385348212947,
    0.17523850399127214,
    0.13154216537632404
  ],
  "contagion_index": [
    0.10322468239037287,
    0.08927785079466405,
    0.06145704783238559,
    0.1111870057127269,
    0.09336550482374034,
    0.10720623502077917,
    0.09063478517693085
  ]
}