{
  "source_npz": "experiments/bsetd_stage1/emotionlines/stage1_total.npz",
  "split_mode": "median",
  "n_low": 4,
  "n_high": 3,
  "eigval_min": 1.3322676295501878e-15,
  "eigval_max": 1.051560322366535,
  "eigval_median": 0.8815958554799086,
  "inertia_index": [
    0.37831380249198887,
    0.33750644440126454,
    0.22696093900694786,
    0.16178597899638147,
    0.20615963799088977,
    0.17674522182574767,
    0.12264215115792007
  ],
  "contagion_index": [
    0.025492252806514043,
    0.010579235577173433,
    0.010109103597161445,
    0.046402977755007846,
    0.027508691808315715,
    0.03089887529019325,
    0.05151185765939077
  ]
}