{
  "source_npz": "experiments/bsetd_stage1/emotionlines/stage1_contagion.npz",
  "split_mode": "median",
  "n_low": 4,
  "n_high": 3,
  "eigval_min": 1.7763568394002505e-15,
  "eigval_max": 1.0909892069225535,
  "eigval_median": 0.9324629386022993,
  "inertia_index": [
    0.3766159971228195,
    0.3175159494708204,
    0.18715930739120526,
    0.13455138828959098,
    0.1612352829962087,
    0.18377634186010927,
    0.12930013587859532
  ],
  "contagion_index": [
    0.05774202749641016,
    0.012609799911151081,
    0.02751032445112627,
    0.05616101731795384,
    0.010834853436743775,
    0.010065228601999567,
    0.043985762892011664
  ]
}