{
  "point": {
    "self_loop": [
      0.6170680290150679,
      0.30820210582499813,
      0.18745474415640792,
      0.09376660702150887,
      0.206281522197374,
      0.16631448059125017,
      0.11009627673167108
    ],
    "log2_lift_offdiag": [
      [
        0.18371837480231046,
        -0.20621571162148433,
        -0.28073326681618804,
        -0.294387806430025,
        -0.5025518132336787,
        -0.16952963785083786,
        -0.3187023353657126
      ],
      [
        -0.2413644218944056,
        1.0001933346879646,
        -0.538662499936449,
        -0.4003162264001274,
        -0.8955953821707141,
        -0.10318725850897889,
        -0.45375150998485003
      ],
      [
        -0.24299174119899702,
        -0.585045929901352,
        1.6101811053686428,
        0.15266805075580406,
        0.16263805452280214,
        -0.07109856650972791,
        0.16990194928745103
      ],
      [
        -0.25577203678533356,
        -0.5576066134359886,
        0.28296912341738656,
        1.6826008084129946,
        0.49281162802342604,
        0.29604717808558584,
        0.3498526965706078
      ],
      [
        -0.4669034071656536,
        -0.8937031784999232,
        0.2040668440457868,
        0.4196800647875378,
        1.971386797522337,
        0.15071639564031467,
        0.8555440897451292
      ],
      [
        -0.16123166212240236,
        -0.13352873337561366,
        -0.10215774302787195,
        0.3630616899583452,
        0.17498827443873835,
        0.5299832089154641,
        0.2669547254746871
      ],
      [
        -0.2989247117785324,
        -0.6547659425785805,
        0.28934332637570864,
        0.3172085463396005,
        0.9426012613492527,
        0.25954169717849485,
        1.315509932392269
      ]
    ],
    "diff_self_loop_inertia_minus_contagion": [
      0.11051451736779383,
      0.022252928020066398,
      0.11585290619196384,
      0.10640187999086487,
      0.14587901123910008,
      0.03923814555142269,
      0.07310450998452377
    ],
    "inertia_index": [
      0.37831584614024166,
      0.33750162953248086,
      0.22695559916199032,
      0.16178199184703437,
      0.20615338760038837,
      0.1767463783167841,
      0.12264259048922799
    ],
    "contagion_index": [
      0.025495049329890322,
      0.010577791935370697,
      0.010106897509546797,
      0.04640178147224015,
      0.027504218406357268,
      0.030898486990273415,
      0.05151030840749132
    ]
  },
  "self_loop_ci95": [
    [
      0.6093219336767922,
      0.2962360011168575,
      0.17334381388982997,
      0.08179703950058936,
      0.18753982832844984,
      0.15802273679687118,
      0.10067388341123938
    ],
    [
      0.6247823633311275,
      0.3202556848567608,
      0.20185105112394147,
      0.10666241714912103,
      0.22450905085700767,
      0.1748636113928999,
      0.11928663414753297
    ]
  ],
  "log2_lift_ci95_low": [
    [
      0.173551848599668,
      -0.23367241966532573,
      -0.32068381783294897,
      -0.34752159248678216,
      -0.5584879294085473,
      -0.19471262837658257,
      -0.3588261103694045
    ],
    [
      -0.26912082935292125,
      0.9583493468814016,
      -0.6476306003024783,
      -0.525102993579599,
      -1.0263024933942988,
      -0.17021325862183756,
      -0.5671008799328656
    ],
    [
      -0.27981249622482474,
      -0.6888793066776486,
      1.5240675599713236,
      0.003087236184253059,
      0.027536179304440987,
      -0.16712709868241205,
      0.046993606358870926
    ],
    [
      -0.3059759662188769,
      -0.6950601684188237,
      0.1438570074362306,
      1.5118062650677306,
      0.344449960403064,
      0.19941102833335747,
      0.21334809222939077
    ],
    [
      -0.5227383050257989,
      -1.0088561067063804,
      0.06866588434885637,
      0.2593428383774518,
      1.8652835853489127,
      0.055763855874137694,
      0.7483016890509114
    ],
    [
      -0.1848963084686595,
      -0.19706556304775064,
      -0.19991580373778847,
      0.2584244594294559,
      0.08152626936332158,
      0.46720932498433043,
      0.18153855145101397
    ],
    [
      -0.3387968700233161,
      -0.7647471699819222,
      0.17735410003130603,
      0.15430550483458594,
      0.8341084186170111,
      0.1707112206914757,
      1.2023079465077493
    ]
  ],
  "log2_lift_ci95_high": [
    [
      0.19425981846938692,
      -0.17887169742145936,
      -0.24043021238252726,
      -0.24337082949253444,
      -0.4491097546390689,
      -0.1425863356972615,
      -0.279735971842385
    ],
    [
      -0.21293453515811403,
      1.0453677264844154,
      -0.44476753684423986,
      -0.2806619425872046,
      -0.7711309260202336,
      -0.03735205305926516,
      -0.3456052619942566
    ],
    [
      -0.20330731967883187,
      -0.48123605446157836,
      1.6928439247839497,
      0.2747692779958803,
      0.30103784380481285,
      0.01521436769815584,
      0.29851703003473046
    ],
    [
      -0.20825468909313954,
      -0.43986525385986847,
      0.40776799429326954,
      1.8381460233451703,
      0.6318977769736109,
      0.389504995193274,
      0.487562293116233
    ],
    [
      -0.4114674819328508,
      -0.7775501460493635,
      0.34419344066794383,
      0.5696562506921166,
      2.073067514285792,
      0.24165100896156316,
      0.9580141882315665
    ],
    [
      -0.1339389486492529,
      -0.07242303599519682,
      -0.00859723478162643,
      0.4557645736460763,
      0.2591901685161521,
      0.5928819265327259,
      0.34336061457976563
    ],
    [
      -0.2556626737811529,
      -0.5494590751007921,
      0.40800567370296104,
      0.4594052644972546,
      1.0359206922301851,
      0.34477679534239386,
      1.4223940142226699
    ]
  ],
  "diff_self_loop_ci95": [
    [
      0.09971829617786257,
      0.002802580068352696,
      0.09144174322317622,
      0.08171084319571006,
      0.11208890295303499,
      0.023027254974773915,
      0.05268603152816243
    ],
    [
      0.12077381594478104,
      0.04200734312814098,
      0.13891743202415088,
      0.13255722333336106,
      0.17715422301138892,
      0.057880902431441277,
      0.09275449491175197
    ]
  ],
  "inertia_index_ci95": [
    [
      0.3689454180261901,
      0.3265832419181631,
      0.21647789176241455,
      0.14727649557479122,
      0.1889736268249995,
      0.1684459097076917,
      0.11791445047694939
    ],
    [
      0.3891848791565836,
      0.3493446969330724,
      0.23845573932306752,
      0.17570951068272353,
      0.22398937142173087,
      0.18502015312960068,
      0.13041693073155766
    ]
  ],
  "contagion_index_ci95": [
    [
      0.016620257940761593,
      0.004469141527592046,
      0.006393779721615356,
      0.039087444406311934,
      0.01677386842199842,
      0.02325654419635908,
      0.03858965889836466
    ],
    [
      0.0386430441645839,
      0.02036113086866587,
      0.02028703183226628,
      0.05650587800840555,
      0.04223904540966244,
      0.03927604712935494,
      0.06547332925731235
    ]
  ],
  "B": 1000,
  "n_dialogs": 2000
}