{
  "per_run": {
    "baseline_seed0": {
      "macro_f1": 0.18884214256815637,
      "weighted_f1": 0.5379119294437368
    },
    "with_bsetd_seed0": {
      "macro_f1": 0.20308811367925164,
      "weighted_f1": 0.5477724983412993
    },
    "baseline_seed1": {
      "macro_f1": 0.18748514836675428,
      "weighted_f1": 0.5437470454168111
    },
    "with_bsetd_seed1": {
      "macro_f1": 0.20623755287337334,
      "weighted_f1": 0.5525545622964713
    },
    "baseline_seed2": {
      "macro_f1": 0.1957989310882366,
      "weighted_f1": 0.5467259425740151
    },
    "with_bsetd_seed2": {
      "macro_f1": 0.20637500081965027,
      "weighted_f1": 0.556166450129483
    }
  },
  "baseline_macro_f1_mean": 0.19070874067438245,
  "with_bsetd_macro_f1_mean": 0.20523355579075842,
  "baseline_weighted_f1_mean": 0.5427949724781876,
  "with_bsetd_weighted_f1_mean": 0.5521645035890844,
  "delta_macro_f1": 0.014524815116375961,
  "delta_weighted_f1": 0.009369531110896778
}