{
  "n_utterances": 29245,
  "n_dialogs": 2000,
  "mean_raters": 5.0,
  "median_raters": 5.0,
  "disagreement_rate": 0.7258334758078304,
  "mean_entropy": 0.5484444489651552,
  "label_distribution": {
    "neutral": 18771,
    "joy": 4193,
    "surprise": 2522,
    "sadness": 1343,
    "anger": 1341,
    "disgust": 598,
    "fear": 477
  },
  "sources": {
    "emotionpush": 14742,
    "friends": 14503
  }
}